create database election;
use election ;

CREATE TABLE Parties(
party_id INT PRIMARY KEY,
name VARCHAR(100),
symbol VARCHAR(100)
);

CREATE TABLE Constituencies(
constituency_id INT PRIMARY KEY,
name VARCHAR(100),
district VARCHAR(100)
);

CREATE TABLE Representatives(
rep_id INT PRIMARY KEY,
name VARCHAR(100),
gender VARCHAR(10),
party_id INT,
constituency_id INT,
FOREIGN KEY (party_id) REFERENCES Parties(party_id), 
FOREIGN KEY (constituency_id) REFERENCES Constituencies(constituency_id)
);


INSERT INTO Parties (party_id , name , symbol) VALUES
(1,"Bhartiya Janata Party","BJP"),
(2,"Shivsena","SHS"),
(3,"Nationalist Congress Party","NCP"),
(4,"Shivsena(Uddhav Balasaheb Thackrey)","SHSUBT"),
(5,"Indian National Congress","INC"),
(6,"Nationalist Congress Party(Sharadchandra Pawar)","NCPSP"),
(7,"Samajwadi Party","SP"),
(8,"Jan Saurajya Shakti","JSS"),
(9,"Rashtriya Yuva Swabhiman Party","RSHYVSWBHM"),
(10,"Rashtriya Samaj Paksha","RSPS"),
(11,"All India Majlis-E-Ittehadul Muslimeen","AIMIM"),
(12,"Communist Party of India","CPI"),
(13,"Peasants And Workers Party of India","PWPI"),
(14,"Rajarshi Shahu Vikas Aghadi","RSVA"),
(15,"Independent","IND");

select * from Parties ;
select * from Constituencies ;

INSERT INTO Constituencies(constituency_id,name,district) VALUES
(1, "Akkalkuwa", "Nandurbar"),
(2, "Shahada", "Nandurbar"),
(3, "Nandurbar", "Nandurbar"),
(4, "Navapur", "Nandurbar"),
(5, "Sakri", "Dhule"),
(6, "Dhule Rural", "Dhule"),
(7, "Dhule City", "Dhule"),
(8, "Sindkheda", "Dhule"),
(9, "Shirpur", "Dhule"),
(10, "Chopda", "Jalgaon"),
(11, "Raver", "Jalgaon"),
(12, "Bhusawal", "Jalgaon"),
(13, "Jalgaon City", "Jalgaon"),
(14, "Jalgaon Rural", "Jalgaon"),
(15, "Amalner", "Jalgaon"),
(16, "Erandol", "Jalgaon"),
(17, "Chalisgaon", "Jalgaon"),
(18, "Pachora", "Jalgaon"),
(19, "Jamner", "Jalgaon"),
(20, "Muktainagar", "Jalgaon"),
(21,"Malkapur","Buldhana"),
(22,"Buldhana","Buldhana"),
(23,"Chikhali","Buldhana"),
(24,"Sindkhed Raja","Buldhana"),
(25,"Mehkar","Buldhana"),
(26,"Khamgaon","Buldhana"),
(27,"Jalgaon (Jamod)","Buldhana"),
(28,"Akot","Akola"),
(29,"Balapur","Akola"),
(30,"Akola West","Akola"),
(31,"Akola East","Akola"),
(32,"Murtizapur","Akola"),
(33,"Risod","Washim"),
(34,"Washim","Washim"),
(35,"Karanja","Washim"),
(36,"Dhamangaon Railway","Amravati"),
(37,"Badnera","Amravati"),
(38,"Amravati","Amravati"),
(39,"Teosa","Amravati"),
(40,"Daryapur","Amravati"),
(41,"Melghat","Amravati"),
(42,"Achalpur","Amravati"),
(43,"Morshi","Amravati"),
(44,"Arvi","Wardha"),
(45,"Deoli","Wardha"),
(46,"Hinganghat","Wardha"),
(47,"Wardha","Wardha"),
(48,"Katol","Nagpur"),
(49,"Savner","Nagpur"),
(50,"Hingna","Nagpur"),
(51,"Umred","Nagpur"),
(52,"Nagpur South West","Nagpur"),
(53,"Nagpur South","Nagpur"),
(54,"Nagpur East","Nagpur"),
(55,"Nagpur Central","Nagpur"),
(56,"Nagpur West","Nagpur"),
(57,"Nagpur North","Nagpur"),
(58,"Kamthi","Nagpur"),
(59,"Ramtek","Nagpur"),
(60,"Tumsar","Bhandara"),
(61,"Bhandara","Bhandara"),
(62,"Sakoli","Bhandara"),
(63,"Arjuni-Morgaon","Gondiya"),
(64,"Tirora","Gondiya"),
(65,"Gondiya","Gondiya"),
(66,"Amgaon","Gondiya"),
(67,"Armori","Gadchiroli"),
(68,"Gadchiroli","Gadchiroli"),
(69,"Aheri","Gadchiroli"),
(70,"Rajura","Chandrapur"),
(71,"Chandrapur","Chandrapur"),
(72,"Ballarpur","Chandrapur"),
(73,"Bramhapuri","Chandrapur"),
(74,"Chimur","Chandrapur"),
(75,"Warora","Chandrapur"),
(76,"Wani","Yavatmal"),
(77,"Ralegaon","Yavatmal"),
(78,"Yavatmal","Yavatmal"),
(79,"Digras","Yavatmal"),
(80,"Arni","Yavatmal"),
(81,"Pusad","Yavatmal"),
(82,"Umarkhed","Yavatmal"),
(83,"Kinwat","Nanded"),
(84,"Hadgaon","Nanded"),
(85,"Bhokar","Nanded"),
(86,"Nanded North","Nanded"),
(87,"Nanded South","Nanded"),
(88,"Loha","Nanded"),
(89,"Naigaon","Nanded"),
(90,"Deglur","Nanded"),
(91,"Mukhed","Nanded"),
(92,"Basmath","Hingoli"),
(93,"Kalamnuri","Hingoli"),
(94,"Hingoli","Hingoli"),
(95,"Jintur","Parbhani"),
(96,"Parbhani","Parbhani"),
(97,"Gangakhed","Parbhani"),
(98,"Pathri","Parbhani"),
(99,"Partur","Jalna"),
(100,"Ghansawangi","Jalna"),
(101,"Jalna","Jalna"),
(102,"Badnapur","Jalna"),
(103,"Bhokardan","Jalna"),
(104,"Sillod","Aurangabad"),
(105,"Kannad","Aurangabad"),
(106,"Phulambri","Aurangabad"),
(107,"Aurangabad Central","Aurangabad"),
(108,"Aurangabad West","Aurangabad"),
(109,"Aurangabad East","Aurangabad"),
(110,"Paithan","Aurangabad"),
(111,"Gangapur","Aurangabad"),
(112,"Vaijapur","Aurangabad"),
(113,"Nandgaon","Nashik"),
(114,"Malegaon Central","Nashik"),
(115,"Malegaon Outer","Nashik"),
(116,"Baglan","Nashik"),
(117,"Kalwan","Nashik"),
(118,"Chandwad","Nashik"),
(119,"Yevla","Nashik"),
(120,"Sinnar","Nashik"),
(121,"Niphad","Nashik"),
(122,"Dindori","Nashik"),
(123,"Nashik East","Nashik"),
(124,"Nashik Central","Nashik"),
(125,"Nashik West","Nashik"),
(126,"Deolali","Nashik"),
(127,"Igatpuri","Nashik"),
(128,"Dahanu","Palghar"),
(129,"Vikramgad","Palghar"),
(130,"Palghar","Palghar"),
(131,"Boisar","Palghar"),
(132,"Nalasopara","Palghar"),
(133,"Vasai","Palghar"),
(134,"Bhiwandi Rural","Thane"),
(135,"Shahapur","Thane"),
(136,"Bhiwandi West","Thane"),
(137,"Bhiwandi East","Thane"),
(138,"Kalyan West","Thane"),
(139,"Murbad","Thane"),
(140,"Ambernath","Thane"),
(141,"Ulhasnagar","Thane"),
(142,"Kalyan East","Thane"),
(143,"Dombivali","Thane"),
(144,"Kalyan Rural","Thane"),
(145,"Mira Bhayandar","Thane"),
(146,"Ovala-Majiwada","Thane"),
(147,"Kopri-Pachpakhadi","Thane"),
(148,"Thane","Thane"),
(149,"Mumbra-Kalwa","Thane"),
(150,"Airoli","Thane"),
(151,"Belapur","Thane"),
(152,"Borivali","Mumbai Suburban"),
(153,"Dahisar","Mumbai Suburban"),
(154,"Magathane","Mumbai Suburban"),
(155,"Mulund","Mumbai Suburban"),
(156,"Vikhroli","Mumbai Suburban"),
(157,"Bhandup West","Mumbai Suburban"),
(158,"Jogeshwari East","Mumbai Suburban"),
(159,"Dindoshi","Mumbai Suburban"),
(160,"Kandivali East","Mumbai Suburban"),
(161,"Charkop","Mumbai Suburban"),
(162,"Malad West","Mumbai Suburban"),
(163,"Goregaon","Mumbai Suburban"),
(164,"Versova","Mumbai Suburban"),
(165,"Andheri West","Mumbai Suburban"),
(166,"Andheri East","Mumbai Suburban"),
(167,"Vile Parle","Mumbai Suburban"),
(168,"Chandivali","Mumbai Suburban"),
(169,"Ghatkopar West","Mumbai Suburban"),
(170,"Ghatkopar East","Mumbai Suburban"),
(171,"Mankhurd Shivaji Nagar","Mumbai Suburban"),
(172,"Anushakti Nagar","Mumbai Suburban"),
(173,"Chembur","Mumbai Suburban"),
(174,"Kurla","Mumbai Suburban"),
(175,"Kalina","Mumbai Suburban"),
(176,"Vandre East","Mumbai Suburban"),
(177,"Vandre West","Mumbai Suburban"),
(178,"Dharavi","Mumbai City"),
(179,"Sion Koliwada","Mumbai City"),
(180,"Wadala","Mumbai City"),
(181,"Mahim","Mumbai City"),
(182,"Worli","Mumbai City"),
(183,"Shivadi","Mumbai City"),
(184,"Byculla","Mumbai City"),
(185,"Malabar Hill","Mumbai City"),
(186,"Mumbadevi","Mumbai City"),
(187,"Colaba","Mumbai City"),
(188,"Panvel","Raigad"),
(189,"Karjat","Raigad"),
(190,"Uran","Raigad"),
(191,"Pen","Raigad"),
(192,"Alibag","Raigad"),
(193,"Shrivardhan","Raigad"),
(194,"Mahad","Raigad"),
(195,"Junnar","Pune"),
(196,"Ambegaon","Pune"),
(197,"Khed Alandi","Pune"),
(198,"Shirur","Pune"),
(199,"Daund","Pune"),
(200,"Indapur","Pune"),
(201,"Baramati","Pune"),
(202,"Purandar","Pune"),
(203,"Bhor","Pune"),
(204,"Maval","Pune"),
(205,"Chinchwad","Pune"),
(206,"Pimpri","Pune"),
(207,"Bhosari","Pune"),
(208,"Vadgaon Sheri","Pune"),
(209,"Shivajinagar","Pune"),
(210,"Kothrud","Pune"),
(211,"Khadakwasala","Pune"),
(212,"Parvati","Pune"),
(213,"Hadapsar","Pune"),
(214,"Pune Cantonment","Pune"),
(215,"Kasba Peth","Pune"),
(216,"Akole","Ahmednagar"),
(217,"Sangamner","Ahmednagar"),
(218,"Shirdi","Ahmednagar"),
(219,"Kopargaon","Ahmednagar"),
(220,"Shrirampur","Ahmednagar"),
(221,"Nevasa","Ahmednagar"),
(222,"Shevgaon","Ahmednagar"),
(223,"Rahuri","Ahmednagar"),
(224,"Parner","Ahmednagar"),
(225,"Ahmednagar City","Ahmednagar"),
(226,"Shrigonda","Ahmednagar"),
(227,"Karjat Jamkhed","Ahmednagar"),
(228,"Georai","Beed"),
(229,"Majalgaon","Beed"),
(230,"Beed","Beed"),
(231,"Ashti","Beed"),
(232,"Kaij","Beed"),
(233,"Parli","Beed"),
(234,"Latur Rural","Latur"),
(235,"Latur City","Latur"),
(236,"Ahmedpur","Latur"),
(237,"Udgir","Latur"),
(238,"Nilanga","Latur"),
(239,"Ausa","Latur"),
(240,"Umarga","Osmanabad"),
(241,"Tuljapur","Osmanabad"),
(242,"Osmanabad","Osmanabad"),
(243,"Paranda","Osmanabad"),
(244,"Karmala","Solapur"),
(245,"Madha","Solapur"),
(246,"Barshi","Solapur"),
(247,"Mohol","Solapur"),
(248,"Solapur City North","Solapur"),
(249,"Solapur City Central","Solapur"),
(250,"Akkalkot","Solapur"),
(251,"Solapur South","Solapur"),
(252,"Pandharpur","Solapur"),
(253,"Sangola","Solapur"),
(254,"Malshiras","Solapur"),
(255,"Phaltan","Satara"),
(256,"Wai","Satara"),
(257,"Koregaon","Satara"),
(258,"Man","Satara"),
(259,"Karad North","Satara"),
(260,"Karad South","Satara"),
(261,"Patan","Satara"),
(262,"Satara","Satara"),
(263,"Dapoli","Ratnagiri"),
(264,"Guhagar","Ratnagiri"),
(265,"Chiplun","Ratnagiri"),
(266,"Ratnagiri","Ratnagiri"),
(267,"Rajapur","Ratnagiri"),
(268,"Kankavli","Sindhudurg"),
(269,"Kudal","Sindhudurg"),
(270,"Sawantwadi","Sindhudurg"),
(271,"Chandgad","Kolhapur"),
(272,"Radhanagari","Kolhapur"),
(273,"Kagal","Kolhapur"),
(274,"Kolhapur South","Kolhapur"),
(275,"Karvir","Kolhapur"),
(276,"Kolhapur North","Kolhapur"),
(277,"Shahuwadi","Kolhapur"),
(278,"Hatkanangle","Kolhapur"),
(279,"Ichalkaranji","Kolhapur"),
(280,"Shirol","Kolhapur"),
(281,"Miraj","Sangli"),
(282,"Sangli","Sangli"),
(283,"Islampur","Sangli"),
(284,"Shirala","Sangli"),
(285,"Palus-Kadegaon","Sangli"),
(286,"Khanapur","Sangli"),
(287,"Tasgaon-Kavathe Mahankal","Sangli"),
(288,"Jat","Sangli");

INSERT INTO Representatives(rep_id , name , gender , party_id, constituency_id )VALUES
(1,"Amshya Fulji Padvi","MALE",2,1),
(2,"Rajesh Udesing Padvi","MALE",1,2),
(3,"Dr.Vijaykumar Krushanrao Gavit","MALE",1,3),
(4,"Shirishkumar Surupsing Naik","MALE",5,4),
(5,"Manjula Tulshiram Gavit","FEMALE",2,5),
(6,"Raghavendra (Ramdada) Manohar Patil","MALE",1,6),
(7,"Anupbhaiyya Omprakash Agrawal","MALE",1,7),
(8,"Jaykumar Jitendrasinh Rawal","MALE",1,8),
(9,"Kashiram Vechan Pawara","MALE",1,9),
(10,"Chandrakant Baliram Sonawane","MALE",2,10),
(11,"Amol Haribhau Jawale","MALE",1,11),
(12,"Savkare Sanjay Waman","MALE",1,12),
(13,"Suresh Damu Bhole (Raju Mama)","MALE",1,13),
(14,"Gulabrao Raghunath Patil","MALE",2,14),
(15, "Anil Bhaidas Patil", "MALE", 3, 15),
(16, "Amol Patil", "MALE", 2, 16),
(17, "Mangesh Chavan", "MALE", 1, 17),
(18, "Kishor Appa Patil", "MALE", 2, 18),
(19, "Girish Mahajan", "MALE", 1, 19),
(20, "Chandrakant Nimba Patil", "MALE", 2, 20),
(21, "Chainsukh Sancheti", "MALE", 1, 21),
(22, "Sanjay Gaikwad", "MALE", 2, 22),
(23, "Shweta Mahale", "FEMALE", 1, 23),
(24, "Manoj Kayande", "MALE", 3, 24),
(25, "Siddharth Kharat", "MALE", 4, 25),
(26, "Akash Fundkar", "MALE", 1, 26),
(27, "Sanjay Kute", "MALE", 1, 27),
(28, "Prakash Bharsakale", "MALE", 1, 28),
(29, "Nitin Deshmukh", "MALE", 4, 29),
(30, "Sajid Khan Pathan", "MALE", 5, 30),
(31, "Randhir Savarkar", "MALE", 1, 31),
(32, "Harish Pimple", "MALE", 1, 32),
(33, "Amit Zanak", "MALE", 5, 33),
(34, "Shyam Khode", "MALE", 1, 34),
(35, "Sai Prakash Dahake", "MALE", 1, 35),
(36, "Pratap Adsad", "MALE", 1, 36),
(37, "Ravi Rana", "MALE", 9, 37),
(38, "Sulbha Khodke", "FEMALE", 3, 38),
(39, "Rajesh Wankhade", "MALE", 1, 39),
(40, "Gajanan Lawate", "MALE", 4, 40),
(41, "Kewalram Kale", "MALE", 1, 41),
(42, "Pravin Tayade", "MALE", 1, 42),
(43, "Chandu Yawalkar", "MALE", 1, 43),
(44, "Sumit Wankhede", "MALE", 1, 44),
(45, "Rajesh Bakane", "MALE", 1, 45),
(46, "Samir Kunawar", "MALE", 1, 46),
(47, "Pankaj Bhoyar", "MALE", 1, 47),
(48, "Charansing Thakur", "MALE", 1, 48),
(49, "Ashish Deshmukh", "MALE", 1, 49),
(50, "Sameer Meghe", "MALE", 1, 50),
(51, "Sanjay Meshram", "MALE", 5, 51),
(52, "Devendra Fadnavis", "MALE", 1, 52),
(53, "Mohan Mate", "MALE", 1, 53),
(54, "Krishna Khopde", "MALE", 1, 54),
(55, "Pravin Datke", "MALE", 1, 55),
(56, "Vikas Thakre", "MALE", 5, 56),
(57, "Nitin Raut", "MALE", 5, 57),
(58, "Chandrashekhar Bawankule", "MALE", 1, 58),
(59, "Ashish Jaiswal", "MALE", 2, 59),
(60, "Raju Karemore", "MALE", 3, 60),
(61, "Narendra Bhondekar", "MALE", 2, 61),
(62, "Nana Patole", "MALE", 5, 62),
(63, "Rajkumar Badole", "MALE", 3, 63),
(64, "Vijay Rahangdale", "MALE", 1, 64),
(65, "Vinod Agrawal", "MALE", 1, 65),
(66, "Sanjay Puram", "MALE", 1, 66),
(67, "Ramdas Masram", "MALE", 5, 67),
(68, "Milind Narote", "MALE", 1, 68),
(69, "Dharamrao Baba Atram", "MALE", 3, 69),
(70, "Deorao Bhongle", "MALE", 1, 70),
(71, "Kishor Jorgewar", "MALE", 1, 71),
(72, "Sudhir Mungantiwar", "MALE", 1, 72),
(73, "Vijay Wadettiwar", "MALE", 5, 73),
(74, "Bunty Bhangdiya", "MALE", 1, 74),
(75, "Karan Deotale", "MALE", 1, 75),
(76, "Sanjay Derkar", "MALE", 4, 76),
(77, "Ashok Uike", "MALE", 1, 77),
(78, "Balasaheb Mangulkar", "MALE", 5, 78),
(79, "Sanjay Rathod", "MALE", 2, 79),
(80, "Raju Todsam", "MALE", 1, 80),
(81, "Indranil Naik", "MALE", 3, 81),
(82, "Kisan Wankhede", "MALE", 1, 82),
(83, "Bhimrao Keram", "MALE", 1, 83),
(84, "Baburao Kadam", "MALE", 2, 84),
(85, "Sreejaya Chavan", "FEMALE", 1, 85),
(86, "Balaji Kalyankar", "MALE", 2, 86),
(87, "Anand Tidke", "MALE", 2, 87),
(88, "Prataprao Chikhalikar", "MALE", 3, 88),
(89, "Rajesh Pawar", "MALE", 1, 89),
(90, "Jitesh Antapurkar", "MALE", 1, 90),
(91, "Tushar Rathod", "MALE", 1, 91),
(92, "Chandrakant Nawghare", "MALE", 3, 92),
(93, "Santosh Bangar", "MALE", 2, 93),
(94, "Tanaji Mutkule", "MALE", 1, 94),
(95, "Meghana Bordikar", "FEMALE", 1, 95),
(96, "Rahul Vedprakash Patil", "MALE", 4, 96),
(97, "Ratnakar Gutte", "MALE", 10, 97),
(98, "Rajesh Vitekar", "MALE", 3, 98),
(99, "Babanrao Lonikar", "MALE", 1, 99),
(100, "Hikmat Udhan", "MALE", 2, 100),
(101, "Arjun Khotkar", "MALE", 2, 101),
(102, "Narayan Kuche", "MALE", 1, 102),
(103, "Santosh Danve", "MALE", 1, 103),
(104, "Abdul Sattar", "MALE", 2, 104),
(105, "Sanjana Jadhav", "FEMALE", 2, 105),
(106, "Anuradha Chavan", "FEMALE", 1, 106),
(107, "Pradeep Jaiswal", "MALE", 2, 107),
(108, "Sanjay Shirsat", "MALE", 2, 108),
(109, "Atul Save", "MALE", 1, 109),
(110, "Vilas Bhumre", "MALE", 2, 110),
(111, "Prashant Bamb", "MALE", 1, 111),
(112, "Ramesh Bornare", "MALE", 2, 112),
(113, "Suhas Kande", "MALE", 2, 113),
(114, "Ismail Abdul Khalique", "MALE", 11, 114),
(115, "Dadaji Bhuse", "MALE", 2, 115),
(116, "Dilip Borse", "MALE", 1, 116),
(117, "Nitin Pawar", "MALE", 3, 117),
(118, "Rahul Aher", "MALE", 1, 118),
(119, "Chhagan Bhujbal", "MALE", 3, 119),
(120, "Manikrao Kokate", "MALE", 3, 120),
(121, "Diliprao Bankar", "MALE", 3, 121),
(122, "Narhari Zirwal", "MALE", 3, 122),
(123, "Rahul Dhikale", "MALE", 1, 123),
(124, "Devayani Farande", "FEMALE", 1, 124),
(125, "Seema Hiray", "FEMALE", 1, 125),
(126, "Saroj Ahire", "FEMALE", 3, 126),
(127, "Hiraman Khoskar", "MALE", 3, 127),
(128, "Vinod Bhiva Nikole", "MALE", 12, 128),
(129, "Harishchandra Bhoye", "MALE", 1, 129),
(130, "Rajendra Gavit", "MALE", 2, 130),
(131, "Vilas Tare", "MALE", 2, 131),
(132, "Rajan Naik", "MALE", 1, 132),
(133, "Sneha Pandit", "FEMALE", 1, 133),
(134, "Shantaram More", "MALE", 2, 134),
(135, "Daulat Daroda", "MALE", 3, 135),
(136, "Mahesh Choughule", "MALE", 1, 136),
(137, "Rais Shaikh", "MALE", 7, 137),
(138, "Vishwanath Bhoir", "MALE", 2, 138),
(139, "Kisan Kathore", "MALE", 1, 139),
(140, "Balaji Kinikar", "MALE", 2, 140),
(141, "Kumar Ailani", "MALE", 1, 141),
(142, "Sulbha Gaikwad", "FEMALE", 1, 142),
(143, "Ravindra Chavan", "MALE", 1, 143),
(144, "Rajesh More", "MALE", 2, 144),
(145, "Narendra Mehta", "MALE", 1, 145),
(146, "Pratap Sarnaik", "MALE", 2, 146),
(147, "Eknath Shinde", "MALE", 2, 147),
(148, "Sanjay Kelkar", "MALE", 1, 148),
(149, "Jitendra Awhad", "MALE", 6, 149),
(150, "Ganesh Naik", "MALE", 1, 150),
(151, "Manda Mhatre", "FEMALE", 1, 151),
(152, "Sanjay Upadhyay", "MALE", 1, 152),
(153, "Manisha Chaudhary", "FEMALE", 1, 153),
(154, "Prakash Surve", "MALE", 2, 154),
(155, "Mihir Kotecha", "MALE", 1, 155),
(156, "Sunil Raut", "MALE", 4, 156),
(157, "Ashok Patil", "MALE", 2, 157),
(158, "Anant Nar", "MALE", 4, 158),
(159, "Sunil Prabhu", "MALE", 4, 159),
(160, "Atul Bhatkhalkar", "MALE", 1, 160),
(161, "Yogesh Sagar", "MALE", 1, 161),
(162, "Aslam Shaikh", "MALE", 5, 162),
(163, "Vidya Thakur", "FEMALE", 1, 163),
(164, "Haroon Rashid Khan", "MALE", 4, 164),
(165, "Ameet Satam", "MALE", 1, 165),
(166, "Murji Patel", "MALE", 2, 166),
(167, "Parag Alavani", "MALE", 1, 167),
(168, "Dilip Lande", "MALE", 2, 168),
(169, "Ram Kadam", "MALE", 1, 169),
(170, "Parag Shah", "MALE", 1, 170),
(171, "Abu Asim Azmi", "MALE", 7, 171),
(172, "Sana Malik", "FEMALE", 3, 172),
(173, "Tukaram Kate", "MALE", 2, 173),
(174, "Mangesh Kudalkar", "MALE", 2, 174),
(175, "Sanjay Potnis", "MALE", 4, 175),
(176, "Varun Sardesai", "MALE", 4, 176),
(177, "Ashish Shelar", "MALE", 1, 177),
(178, "Jyoti Gaikwad", "FEMALE", 5, 178),
(179, "R. Tamil Selvan", "MALE", 1, 179),
(180, "Kalidas Kolambkar", "MALE", 1, 180),
(181, "Mahesh Sawant", "MALE", 4, 181),
(182, "Aaditya Thackeray", "MALE", 4, 182),
(183, "Ajay Choudhari", "MALE", 4, 183),
(184, "Manoj Jamsutkar", "MALE", 4, 184),
(185, "Mangal Lodha", "MALE", 1, 185),
(186, "Amin Patel", "MALE", 5, 186),
(187, "Rahul Narwekar", "MALE", 1, 187),
(188, "Prashant Thakur", "MALE", 1, 188),
(189, "Mahendra Thorve", "MALE", 2, 189),
(190, "Mahesh Baldi", "MALE", 1, 190),
(191, "Ravisheth Patil", "MALE", 1, 191),
(192, "Mahendra Dalvi", "MALE", 2, 192),
(193, "Aditi Tatkare", "FEMALE", 3, 193),
(194, "Bharatshet Gogawale", "MALE", 2, 194),
(195, "Sharaddada Sonavane", "MALE", 15, 195),
(196, "Dilip Walse Patil", "MALE", 3, 196),
(197, "Babaji Kale", "MALE", 4, 197),
(198, "Dnyaneshwar Katke", "MALE", 3, 198),
(199, "Rahul Kul", "MALE", 1, 199),
(200, "Dattatray Bharne", "MALE", 3, 200),
(201, "Ajit Pawar", "MALE", 3, 201),
(202, "Vijay Shivtare", "MALE", 2, 202),
(203, "Shankar Mandekar", "MALE", 3, 203),
(204, "Sunil Shelke", "MALE", 3, 204),
(205, "Shankar Jagtap", "MALE", 1, 205),
(206, "Anna Bansode", "MALE", 3, 206),
(207, "Mahesh Landge", "MALE", 1, 207),
(208, "Bapusaheb Pathare", "MALE", 6, 208),
(209, "Siddharth Shirole", "MALE", 1, 209),
(210, "Chandrakant Patil", "MALE", 1, 210),
(211, "Bhimrao Tapkir", "MALE", 1, 211),
(212, "Madhuri Misal", "FEMALE", 1, 212),
(213, "Chetan Tupe", "MALE", 3, 213),
(214, "Sunil Kamble", "MALE", 1, 214),
(215, "Hemant Rasane", "MALE", 1, 215),
(216, "Kiran Lahamate", "MALE", 3, 216),
(217, "Amol Khatal", "MALE", 2, 217),
(218, "Radhakrishna Vikhe Patil", "MALE", 1, 218),
(219, "Ashutosh Kale", "MALE", 3, 219),
(220, "Hemant Ogale", "MALE", 5, 220),
(221, "Vitthalrao Langhe", "MALE", 2, 221),
(222, "Monika Rajale", "FEMALE", 1, 222),
(223, "Shivaji Kardile", "MALE", 1, 223),
(224, "Kashinath Date", "MALE", 3, 224),
(225, "Sangram Jagtap", "MALE", 3, 225),
(226, "Vikram Pachpute", "MALE", 1, 226),
(227, "Rohit Pawar", "MALE", 6, 227),
(228, "Vijaysinh Pandit", "MALE", 3, 228),
(229, "Prakashdada Solanke", "MALE", 3, 229),
(230, "Sandeep Kshirsagar", "MALE", 6, 230),
(231, "Suresh Dhas", "MALE", 1, 231),
(232, "Namita Mundada", "FEMALE", 1, 232),
(233, "Dhananjay Munde", "MALE", 3, 233),
(234, "Ramesh Karad", "MALE", 1, 234),
(235, "Amit Deshmukh", "MALE", 5, 235),
(236, "Babasaheb Patil", "MALE", 3, 236),
(237, "Sanjay Bansode", "MALE", 3, 237),
(238, "Sambhaji Patil Nilangekar", "MALE", 1, 238),
(239, "Abhimanyu Pawar", "MALE", 1, 239),
(240, "Pravin Swami", "MALE", 4, 240),
(241, "Ranajagjitsinha Patil", "MALE", 1, 241),
(242, "Kailas Patil", "MALE", 4, 242),
(243, "Tanaji Sawant", "MALE", 2, 243),
(244, "Narayan Patil", "MALE", 6, 244),
(245, "Abhijeet Patil", "MALE", 6, 245),
(246, "Dilip Sopal", "MALE", 4, 246),
(247, "Raju Khare", "MALE", 6, 247),
(248, "Vijay Deshmukh", "MALE", 1, 248),
(249, "Devendra Kothe", "MALE", 1, 249),
(250, "Sachin Kalyanshetti", "MALE", 1, 250),
(251, "Subhash Deshmukh", "MALE", 1, 251),
(252, "Samadhan Autade", "MALE", 1, 252),
(253, "Babasaheb Deshmukh", "MALE", 13, 253),
(254, "Uttamrao Jankar", "MALE", 6, 254),
(255, "Sachin Patil", "MALE", 3, 255),
(256, "Makrand Jadhav - Patil", "MALE", 3, 256),
(257, "Mahesh Shinde", "MALE", 2, 257),
(258, "Jaykumar Gore", "MALE", 1, 258),
(259, "Manoj Ghorpade", "MALE", 1, 259),
(260, "Atulbaba Bhosale", "MALE", 1, 260),
(261, "Shambhuraj Desai", "MALE", 2, 261),
(262, "Shivendra Raje Bhosale", "MALE", 1, 262),
(263, "Yogesh Kadam", "MALE", 2, 263),
(264, "Bhaskar Jadhav", "MALE", 4, 264),
(265, "Shekhar Nikam", "MALE", 3, 265),
(266, "Uday Samant", "MALE", 2, 266),
(267, "Kiran Samant", "MALE", 2, 267),
(268, "Nitesh Rane", "MALE", 1, 268),
(269, "Nilesh Rane", "MALE", 2, 269),
(270, "Deepak Kesarkar", "MALE", 2, 270),
(271, "Shivaji Patil", "MALE", 10, 271),
(272, "Prakashrao Abitkar", "MALE", 2, 272),
(273, "Hasan Mushrif", "MALE", 3, 273),
(274, "Amal Mahadik", "MALE", 1, 274),
(275, "Chandradip Narke", "MALE", 2, 275),
(276, "Rajesh Kshirsagar", "MALE", 2, 276),
(277, "Vinay Kore", "MALE", 8, 277),
(278, "Ashokrao Mane", "MALE", 8, 278),
(279, "Rahul Awade", "MALE", 1, 279),
(280, "Rajendra Patil Yadravkar", "MALE", 14, 280),
(281, "Suresh Khade", "MALE", 1, 281),
(282, "Sudhir Gadgil", "MALE", 1, 282),
(283, "Jayant Patil", "MALE", 6, 283),
(284, "Satyajit Deshmukh", "MALE", 1, 284),
(285, "Vishwajeet Kadam", "MALE", 5, 285),
(286, "Suhas Babar", "MALE", 2, 286),
(287, "Rohit Patil", "MALE", 6, 287),
(288, "Gopichand Padalkar", "MALE", 1, 288);

SELECT C.district, R.gender, COUNT(*) AS total
FROM Representatives R
JOIN Constituencies C ON R.constituency_id = C.constituency_id
GROUP BY C.district, R.gender;